<?xml version="1.0" ?>
<ipxact:component xmlns:ipxact="http://www.accellera.org/XMLSchema/IPXACT/1685-2014" xmlns:lattice="http://www.latticesemi.com/lattice" xmlns:lsccip="http://www.latticesemi.com/XMLSchema/Radiant/ip">
    <ipxact:vendor>latticesemi.com</ipxact:vendor>
    <ipxact:library>module</ipxact:library>
    <ipxact:name>pll0</ipxact:name>
    <ipxact:version>1.5.0</ipxact:version>
    <ipxact:model>
        <ipxact:instantiations>
            <ipxact:componentInstantiation>
                <ipxact:name>pll0</ipxact:name>
            </ipxact:componentInstantiation>
            <ipxact:designInstantiation>
                <ipxact:name>pll0_design</ipxact:name>
                <ipxact:designRef library="module" name="pll0" vendor="latticesemi.com" version="1.5.0"/>
            </ipxact:designInstantiation>
        </ipxact:instantiations>
        <ipxact:ports>
            <ipxact:port>
                <ipxact:name>clki_i</ipxact:name>
                <ipxact:displayName>clki_i</ipxact:displayName>
                <ipxact:wire>
                    <ipxact:direction>in</ipxact:direction>
                </ipxact:wire>
            </ipxact:port>
            <ipxact:port>
                <ipxact:name>rstn_i</ipxact:name>
                <ipxact:displayName>rstn_i</ipxact:displayName>
                <ipxact:wire>
                    <ipxact:direction>in</ipxact:direction>
                </ipxact:wire>
            </ipxact:port>
            <ipxact:port>
                <ipxact:name>clkop_o</ipxact:name>
                <ipxact:displayName>clkop_o</ipxact:displayName>
                <ipxact:wire>
                    <ipxact:direction>out</ipxact:direction>
                </ipxact:wire>
            </ipxact:port>
            <ipxact:port>
                <ipxact:name>clkos_o</ipxact:name>
                <ipxact:displayName>clkos_o</ipxact:displayName>
                <ipxact:wire>
                    <ipxact:direction>out</ipxact:direction>
                </ipxact:wire>
            </ipxact:port>
            <ipxact:port>
                <ipxact:name>lock_o</ipxact:name>
                <ipxact:displayName>lock_o</ipxact:displayName>
                <ipxact:wire>
                    <ipxact:direction>out</ipxact:direction>
                </ipxact:wire>
            </ipxact:port>
        </ipxact:ports>
    </ipxact:model>
    <ipxact:fileSets>
        <ipxact:fileSet>
            <ipxact:name>ipx_file_list</ipxact:name>
            <ipxact:file>
                <ipxact:name>rtl/pll0_bb.v</ipxact:name>
                <ipxact:fileType user="black_box_verilog">user</ipxact:fileType>
            </ipxact:file>
            <ipxact:file>
                <ipxact:name>pll0.cfg</ipxact:name>
                <ipxact:fileType user="cfg">user</ipxact:fileType>
            </ipxact:file>
            <ipxact:file>
                <ipxact:name>misc/pll0_tmpl.v</ipxact:name>
                <ipxact:fileType user="template_verilog">user</ipxact:fileType>
            </ipxact:file>
            <ipxact:file>
                <ipxact:name>misc/pll0_tmpl.vhd</ipxact:name>
                <ipxact:fileType user="template_vhdl">user</ipxact:fileType>
            </ipxact:file>
            <ipxact:file>
                <ipxact:name>rtl/pll0.v</ipxact:name>
                <ipxact:fileType user="top_level_verilog">user</ipxact:fileType>
            </ipxact:file>
            <ipxact:file>
                <ipxact:name>constraints/pll0.ldc</ipxact:name>
                <ipxact:fileType user="timing_constraints">user</ipxact:fileType>
            </ipxact:file>
            <ipxact:file>
                <ipxact:name>testbench/dut_params.v</ipxact:name>
                <ipxact:fileType user="dependency_file">user</ipxact:fileType>
            </ipxact:file>
            <ipxact:file>
                <ipxact:name>testbench/dut_inst.v</ipxact:name>
                <ipxact:fileType user="dependency_file">user</ipxact:fileType>
            </ipxact:file>
            <ipxact:file>
                <ipxact:name>design.xml</ipxact:name>
                <ipxact:fileType user="IP-XACT_design">user</ipxact:fileType>
            </ipxact:file>
            <ipxact:file>
                <ipxact:name>testbench/tb_top.v</ipxact:name>
                <ipxact:fileType user="testbench_verilog">user</ipxact:fileType>
            </ipxact:file>
        </ipxact:fileSet>
    </ipxact:fileSets>
    <ipxact:vendorExtensions>
        <lsccip:moduleRef lsccip:library="module" lsccip:name="pll" lsccip:vendor="latticesemi.com" lsccip:version="1.5.0"/>
        <lsccip:deviceInfo>
            <lsccip:architecture>LFCPNX</lsccip:architecture>
            <lsccip:device>LFCPNX-100</lsccip:device>
            <lsccip:package>LFG672</lsccip:package>
            <lsccip:performanceGrade>9_High-Performance_1.0V</lsccip:performanceGrade>
        </lsccip:deviceInfo>
        <lsccip:generationInfo>
            <lsccip:fileVersion>20180929</lsccip:fileVersion>
            <lsccip:createdTimestamp>2021 09 24 16:46:19</lsccip:createdTimestamp>
            <lsccip:radiantBuild>&quot;Lattice Propel&quot; (64-bit) 2.1.2109182213</lsccip:radiantBuild>
        </lsccip:generationInfo>
    </ipxact:vendorExtensions>
</ipxact:component>
