<?xml version="1.0" ?>
<ipxact:design xmlns:ipxact="http://www.accellera.org/XMLSchema/IPXACT/1685-2014" xmlns:lattice="http://www.latticesemi.com/lattice" xmlns:lsccip="http://www.latticesemi.com/XMLSchema/Radiant/ip">
    <ipxact:vendor>latticesemi.com</ipxact:vendor>
    <ipxact:library>ip</ipxact:library>
    <ipxact:name>sysmem0</ipxact:name>
    <ipxact:version>1.1.2</ipxact:version>
    <ipxact:componentInstances>
        <ipxact:componentInstance>
            <ipxact:instanceName>lscc_sys_mem_inst</ipxact:instanceName>
            <ipxact:componentRef library="ip" name="system_memory" vendor="latticesemi.com" version="1.1.2">
                <ipxact:configurableElementValues>
                    <ipxact:configurableElementValue referenceId="FAMILY">LFCPNX</ipxact:configurableElementValue>
                    <ipxact:configurableElementValue referenceId="TT_FAMILY">LIFCL</ipxact:configurableElementValue>
                    <ipxact:configurableElementValue referenceId="use_ecp5">False</ipxact:configurableElementValue>
                    <ipxact:configurableElementValue referenceId="ecp5_family">ECP5U</ipxact:configurableElementValue>
                    <ipxact:configurableElementValue referenceId="ADDR_DEPTH">8192</ipxact:configurableElementValue>
                    <ipxact:configurableElementValue referenceId="MEM_ID">1.1.2</ipxact:configurableElementValue>
                    <ipxact:configurableElementValue referenceId="MEM_SIZE">32,8192</ipxact:configurableElementValue>
                    <ipxact:configurableElementValue referenceId="ADDR_WIDTH">13</ipxact:configurableElementValue>
                    <ipxact:configurableElementValue referenceId="DATA_WIDTH">32</ipxact:configurableElementValue>
                    <ipxact:configurableElementValue referenceId="MEMORY_TYPE">EBR</ipxact:configurableElementValue>
                    <ipxact:configurableElementValue referenceId="PORT_COUNT">2</ipxact:configurableElementValue>
                    <ipxact:configurableElementValue referenceId="ECC_ENABLE">False</ipxact:configurableElementValue>
                    <ipxact:configurableElementValue referenceId="ARBITER_EN">False</ipxact:configurableElementValue>
                    <ipxact:configurableElementValue referenceId="FIFO_STREAMER_EN">False</ipxact:configurableElementValue>
                    <ipxact:configurableElementValue referenceId="FIFO_CLK_BYPASS">False</ipxact:configurableElementValue>
                    <ipxact:configurableElementValue referenceId="FIFO_START_ADDR">0</ipxact:configurableElementValue>
                    <ipxact:configurableElementValue referenceId="INIT_MEM">False</ipxact:configurableElementValue>
                    <ipxact:configurableElementValue referenceId="INIT_CHK">hex</ipxact:configurableElementValue>
                    <ipxact:configurableElementValue referenceId="INIT_FILE_FORMAT">none</ipxact:configurableElementValue>
                    <ipxact:configurableElementValue referenceId="INIT_FILE">none</ipxact:configurableElementValue>
                    <ipxact:configurableElementValue referenceId="load_file">EBR</ipxact:configurableElementValue>
                    <ipxact:configurableElementValue referenceId="INIT_VALUE_00">0</ipxact:configurableElementValue>
                    <ipxact:configurableElementValue referenceId="INIT_VALUE_01">0</ipxact:configurableElementValue>
                    <ipxact:configurableElementValue referenceId="INIT_VALUE_02">0</ipxact:configurableElementValue>
                    <ipxact:configurableElementValue referenceId="INIT_VALUE_03">0</ipxact:configurableElementValue>
                    <ipxact:configurableElementValue referenceId="INIT_VALUE_04">0</ipxact:configurableElementValue>
                    <ipxact:configurableElementValue referenceId="INIT_VALUE_05">0</ipxact:configurableElementValue>
                    <ipxact:configurableElementValue referenceId="INIT_VALUE_06">0</ipxact:configurableElementValue>
                    <ipxact:configurableElementValue referenceId="INIT_VALUE_07">0</ipxact:configurableElementValue>
                    <ipxact:configurableElementValue referenceId="INIT_VALUE_08">0</ipxact:configurableElementValue>
                    <ipxact:configurableElementValue referenceId="INIT_VALUE_09">0</ipxact:configurableElementValue>
                    <ipxact:configurableElementValue referenceId="INIT_VALUE_0A">0</ipxact:configurableElementValue>
                    <ipxact:configurableElementValue referenceId="INIT_VALUE_0B">0</ipxact:configurableElementValue>
                    <ipxact:configurableElementValue referenceId="INIT_VALUE_0C">0</ipxact:configurableElementValue>
                    <ipxact:configurableElementValue referenceId="INIT_VALUE_0D">0</ipxact:configurableElementValue>
                    <ipxact:configurableElementValue referenceId="INIT_VALUE_0E">0</ipxact:configurableElementValue>
                    <ipxact:configurableElementValue referenceId="INIT_VALUE_0F">0</ipxact:configurableElementValue>
                    <ipxact:configurableElementValue referenceId="INIT_VALUE_10">0</ipxact:configurableElementValue>
                    <ipxact:configurableElementValue referenceId="INIT_VALUE_11">0</ipxact:configurableElementValue>
                    <ipxact:configurableElementValue referenceId="INIT_VALUE_12">0</ipxact:configurableElementValue>
                    <ipxact:configurableElementValue referenceId="INIT_VALUE_13">0</ipxact:configurableElementValue>
                    <ipxact:configurableElementValue referenceId="INIT_VALUE_14">0</ipxact:configurableElementValue>
                    <ipxact:configurableElementValue referenceId="INIT_VALUE_15">0</ipxact:configurableElementValue>
                    <ipxact:configurableElementValue referenceId="INIT_VALUE_16">0</ipxact:configurableElementValue>
                    <ipxact:configurableElementValue referenceId="INIT_VALUE_17">0</ipxact:configurableElementValue>
                    <ipxact:configurableElementValue referenceId="INIT_VALUE_18">0</ipxact:configurableElementValue>
                    <ipxact:configurableElementValue referenceId="INIT_VALUE_19">0</ipxact:configurableElementValue>
                    <ipxact:configurableElementValue referenceId="INIT_VALUE_1A">0</ipxact:configurableElementValue>
                    <ipxact:configurableElementValue referenceId="INIT_VALUE_1B">0</ipxact:configurableElementValue>
                    <ipxact:configurableElementValue referenceId="INIT_VALUE_1C">0</ipxact:configurableElementValue>
                    <ipxact:configurableElementValue referenceId="INIT_VALUE_1D">0</ipxact:configurableElementValue>
                    <ipxact:configurableElementValue referenceId="INIT_VALUE_1E">0</ipxact:configurableElementValue>
                    <ipxact:configurableElementValue referenceId="INIT_VALUE_1F">0</ipxact:configurableElementValue>
                    <ipxact:configurableElementValue referenceId="INIT_VALUE_20">0</ipxact:configurableElementValue>
                    <ipxact:configurableElementValue referenceId="INIT_VALUE_21">0</ipxact:configurableElementValue>
                    <ipxact:configurableElementValue referenceId="INIT_VALUE_22">0</ipxact:configurableElementValue>
                    <ipxact:configurableElementValue referenceId="INIT_VALUE_23">0</ipxact:configurableElementValue>
                    <ipxact:configurableElementValue referenceId="INIT_VALUE_24">0</ipxact:configurableElementValue>
                    <ipxact:configurableElementValue referenceId="INIT_VALUE_25">0</ipxact:configurableElementValue>
                    <ipxact:configurableElementValue referenceId="INIT_VALUE_26">0</ipxact:configurableElementValue>
                    <ipxact:configurableElementValue referenceId="INIT_VALUE_27">0</ipxact:configurableElementValue>
                    <ipxact:configurableElementValue referenceId="INIT_VALUE_28">0</ipxact:configurableElementValue>
                    <ipxact:configurableElementValue referenceId="INIT_VALUE_29">0</ipxact:configurableElementValue>
                    <ipxact:configurableElementValue referenceId="INIT_VALUE_2A">0</ipxact:configurableElementValue>
                    <ipxact:configurableElementValue referenceId="INIT_VALUE_2B">0</ipxact:configurableElementValue>
                    <ipxact:configurableElementValue referenceId="INIT_VALUE_2C">0</ipxact:configurableElementValue>
                    <ipxact:configurableElementValue referenceId="INIT_VALUE_2D">0</ipxact:configurableElementValue>
                    <ipxact:configurableElementValue referenceId="INIT_VALUE_2E">0</ipxact:configurableElementValue>
                    <ipxact:configurableElementValue referenceId="INIT_VALUE_2F">0</ipxact:configurableElementValue>
                    <ipxact:configurableElementValue referenceId="INIT_VALUE_30">0</ipxact:configurableElementValue>
                    <ipxact:configurableElementValue referenceId="INIT_VALUE_31">0</ipxact:configurableElementValue>
                    <ipxact:configurableElementValue referenceId="INIT_VALUE_32">0</ipxact:configurableElementValue>
                    <ipxact:configurableElementValue referenceId="INIT_VALUE_33">0</ipxact:configurableElementValue>
                    <ipxact:configurableElementValue referenceId="INIT_VALUE_34">0</ipxact:configurableElementValue>
                    <ipxact:configurableElementValue referenceId="INIT_VALUE_35">0</ipxact:configurableElementValue>
                    <ipxact:configurableElementValue referenceId="INIT_VALUE_36">0</ipxact:configurableElementValue>
                    <ipxact:configurableElementValue referenceId="INIT_VALUE_37">0</ipxact:configurableElementValue>
                    <ipxact:configurableElementValue referenceId="INIT_VALUE_38">0</ipxact:configurableElementValue>
                    <ipxact:configurableElementValue referenceId="INIT_VALUE_39">0</ipxact:configurableElementValue>
                    <ipxact:configurableElementValue referenceId="INIT_VALUE_3A">0</ipxact:configurableElementValue>
                    <ipxact:configurableElementValue referenceId="INIT_VALUE_3B">0</ipxact:configurableElementValue>
                    <ipxact:configurableElementValue referenceId="INIT_VALUE_3C">0</ipxact:configurableElementValue>
                    <ipxact:configurableElementValue referenceId="INIT_VALUE_3D">0</ipxact:configurableElementValue>
                    <ipxact:configurableElementValue referenceId="INIT_VALUE_3E">0</ipxact:configurableElementValue>
                    <ipxact:configurableElementValue referenceId="INIT_VALUE_3F">0</ipxact:configurableElementValue>
                    <ipxact:configurableElementValue referenceId="INIT_VALUE_40">0</ipxact:configurableElementValue>
                    <ipxact:configurableElementValue referenceId="INIT_VALUE_41">0</ipxact:configurableElementValue>
                    <ipxact:configurableElementValue referenceId="INIT_VALUE_42">0</ipxact:configurableElementValue>
                    <ipxact:configurableElementValue referenceId="INIT_VALUE_43">0</ipxact:configurableElementValue>
                    <ipxact:configurableElementValue referenceId="INIT_VALUE_44">0</ipxact:configurableElementValue>
                    <ipxact:configurableElementValue referenceId="INIT_VALUE_45">0</ipxact:configurableElementValue>
                    <ipxact:configurableElementValue referenceId="INIT_VALUE_46">0</ipxact:configurableElementValue>
                    <ipxact:configurableElementValue referenceId="INIT_VALUE_47">0</ipxact:configurableElementValue>
                    <ipxact:configurableElementValue referenceId="INIT_VALUE_48">0</ipxact:configurableElementValue>
                    <ipxact:configurableElementValue referenceId="INIT_VALUE_49">0</ipxact:configurableElementValue>
                    <ipxact:configurableElementValue referenceId="INIT_VALUE_4A">0</ipxact:configurableElementValue>
                    <ipxact:configurableElementValue referenceId="INIT_VALUE_4B">0</ipxact:configurableElementValue>
                    <ipxact:configurableElementValue referenceId="INIT_VALUE_4C">0</ipxact:configurableElementValue>
                    <ipxact:configurableElementValue referenceId="INIT_VALUE_4D">0</ipxact:configurableElementValue>
                    <ipxact:configurableElementValue referenceId="INIT_VALUE_4E">0</ipxact:configurableElementValue>
                    <ipxact:configurableElementValue referenceId="INIT_VALUE_4F">0</ipxact:configurableElementValue>
                    <ipxact:configurableElementValue referenceId="INIT_VALUE_50">0</ipxact:configurableElementValue>
                    <ipxact:configurableElementValue referenceId="INIT_VALUE_51">0</ipxact:configurableElementValue>
                    <ipxact:configurableElementValue referenceId="INIT_VALUE_52">0</ipxact:configurableElementValue>
                    <ipxact:configurableElementValue referenceId="INIT_VALUE_53">0</ipxact:configurableElementValue>
                    <ipxact:configurableElementValue referenceId="INIT_VALUE_54">0</ipxact:configurableElementValue>
                    <ipxact:configurableElementValue referenceId="INIT_VALUE_55">0</ipxact:configurableElementValue>
                    <ipxact:configurableElementValue referenceId="INIT_VALUE_56">0</ipxact:configurableElementValue>
                    <ipxact:configurableElementValue referenceId="INIT_VALUE_57">0</ipxact:configurableElementValue>
                    <ipxact:configurableElementValue referenceId="INIT_VALUE_58">0</ipxact:configurableElementValue>
                    <ipxact:configurableElementValue referenceId="INIT_VALUE_59">0</ipxact:configurableElementValue>
                    <ipxact:configurableElementValue referenceId="INIT_VALUE_5A">0</ipxact:configurableElementValue>
                    <ipxact:configurableElementValue referenceId="INIT_VALUE_5B">0</ipxact:configurableElementValue>
                    <ipxact:configurableElementValue referenceId="INIT_VALUE_5C">0</ipxact:configurableElementValue>
                    <ipxact:configurableElementValue referenceId="INIT_VALUE_5D">0</ipxact:configurableElementValue>
                    <ipxact:configurableElementValue referenceId="INIT_VALUE_5E">0</ipxact:configurableElementValue>
                    <ipxact:configurableElementValue referenceId="INIT_VALUE_5F">0</ipxact:configurableElementValue>
                    <ipxact:configurableElementValue referenceId="INIT_VALUE_60">0</ipxact:configurableElementValue>
                    <ipxact:configurableElementValue referenceId="INIT_VALUE_61">0</ipxact:configurableElementValue>
                    <ipxact:configurableElementValue referenceId="INIT_VALUE_62">0</ipxact:configurableElementValue>
                    <ipxact:configurableElementValue referenceId="INIT_VALUE_63">0</ipxact:configurableElementValue>
                    <ipxact:configurableElementValue referenceId="INIT_VALUE_64">0</ipxact:configurableElementValue>
                    <ipxact:configurableElementValue referenceId="INIT_VALUE_65">0</ipxact:configurableElementValue>
                    <ipxact:configurableElementValue referenceId="INIT_VALUE_66">0</ipxact:configurableElementValue>
                    <ipxact:configurableElementValue referenceId="INIT_VALUE_67">0</ipxact:configurableElementValue>
                    <ipxact:configurableElementValue referenceId="INIT_VALUE_68">0</ipxact:configurableElementValue>
                    <ipxact:configurableElementValue referenceId="INIT_VALUE_69">0</ipxact:configurableElementValue>
                    <ipxact:configurableElementValue referenceId="INIT_VALUE_6A">0</ipxact:configurableElementValue>
                    <ipxact:configurableElementValue referenceId="INIT_VALUE_6B">0</ipxact:configurableElementValue>
                    <ipxact:configurableElementValue referenceId="INIT_VALUE_6C">0</ipxact:configurableElementValue>
                    <ipxact:configurableElementValue referenceId="INIT_VALUE_6D">0</ipxact:configurableElementValue>
                    <ipxact:configurableElementValue referenceId="INIT_VALUE_6E">0</ipxact:configurableElementValue>
                    <ipxact:configurableElementValue referenceId="INIT_VALUE_6F">0</ipxact:configurableElementValue>
                    <ipxact:configurableElementValue referenceId="INIT_VALUE_70">0</ipxact:configurableElementValue>
                    <ipxact:configurableElementValue referenceId="INIT_VALUE_71">0</ipxact:configurableElementValue>
                    <ipxact:configurableElementValue referenceId="INIT_VALUE_72">0</ipxact:configurableElementValue>
                    <ipxact:configurableElementValue referenceId="INIT_VALUE_73">0</ipxact:configurableElementValue>
                    <ipxact:configurableElementValue referenceId="INIT_VALUE_74">0</ipxact:configurableElementValue>
                    <ipxact:configurableElementValue referenceId="INIT_VALUE_75">0</ipxact:configurableElementValue>
                    <ipxact:configurableElementValue referenceId="INIT_VALUE_76">0</ipxact:configurableElementValue>
                    <ipxact:configurableElementValue referenceId="INIT_VALUE_77">0</ipxact:configurableElementValue>
                    <ipxact:configurableElementValue referenceId="INIT_VALUE_78">0</ipxact:configurableElementValue>
                    <ipxact:configurableElementValue referenceId="INIT_VALUE_79">0</ipxact:configurableElementValue>
                    <ipxact:configurableElementValue referenceId="INIT_VALUE_7A">0</ipxact:configurableElementValue>
                    <ipxact:configurableElementValue referenceId="INIT_VALUE_7B">0</ipxact:configurableElementValue>
                    <ipxact:configurableElementValue referenceId="INIT_VALUE_7C">0</ipxact:configurableElementValue>
                    <ipxact:configurableElementValue referenceId="INIT_VALUE_7D">0</ipxact:configurableElementValue>
                    <ipxact:configurableElementValue referenceId="INIT_VALUE_7E">0</ipxact:configurableElementValue>
                    <ipxact:configurableElementValue referenceId="INIT_VALUE_7F">0</ipxact:configurableElementValue>
                    <ipxact:configurableElementValue referenceId="REGMODE_S0">True</ipxact:configurableElementValue>
                    <ipxact:configurableElementValue referenceId="RESET_MODE_S0">sync</ipxact:configurableElementValue>
                    <ipxact:configurableElementValue referenceId="BYTE_ENABLE_S0">True</ipxact:configurableElementValue>
                    <ipxact:configurableElementValue referenceId="UNALIGNED_ACCESS_EN_S0">False</ipxact:configurableElementValue>
                    <ipxact:configurableElementValue referenceId="SHIFT_DIRECTION_S0">none</ipxact:configurableElementValue>
                    <ipxact:configurableElementValue referenceId="EDIT_ADDRESS_S0">False</ipxact:configurableElementValue>
                    <ipxact:configurableElementValue referenceId="s0_start">0</ipxact:configurableElementValue>
                    <ipxact:configurableElementValue referenceId="S0_START_ADDR">0</ipxact:configurableElementValue>
                    <ipxact:configurableElementValue referenceId="s0_end">7FFF</ipxact:configurableElementValue>
                    <ipxact:configurableElementValue referenceId="S0_END_ADDR">32767</ipxact:configurableElementValue>
                    <ipxact:configurableElementValue referenceId="ACCESS_TYPE_S0">R/W</ipxact:configurableElementValue>
                    <ipxact:configurableElementValue referenceId="ADDR_SPACE_S0">32768</ipxact:configurableElementValue>
                    <ipxact:configurableElementValue referenceId="REGMODE_S1">True</ipxact:configurableElementValue>
                    <ipxact:configurableElementValue referenceId="RESET_MODE_S1">sync</ipxact:configurableElementValue>
                    <ipxact:configurableElementValue referenceId="BYTE_ENABLE_S1">True</ipxact:configurableElementValue>
                    <ipxact:configurableElementValue referenceId="UNALIGNED_ACCESS_EN_S1">False</ipxact:configurableElementValue>
                    <ipxact:configurableElementValue referenceId="SHIFT_DIRECTION_S1">none</ipxact:configurableElementValue>
                    <ipxact:configurableElementValue referenceId="EDIT_ADDRESS_S1">False</ipxact:configurableElementValue>
                    <ipxact:configurableElementValue referenceId="s1_start">0</ipxact:configurableElementValue>
                    <ipxact:configurableElementValue referenceId="S1_START_ADDR">0</ipxact:configurableElementValue>
                    <ipxact:configurableElementValue referenceId="s1_end">7FFF</ipxact:configurableElementValue>
                    <ipxact:configurableElementValue referenceId="S1_END_ADDR">32767</ipxact:configurableElementValue>
                    <ipxact:configurableElementValue referenceId="ACCESS_TYPE_S1">R/W</ipxact:configurableElementValue>
                    <ipxact:configurableElementValue referenceId="u_access_type">R/W</ipxact:configurableElementValue>
                    <ipxact:configurableElementValue referenceId="ADDR_SPACE_S1">32768</ipxact:configurableElementValue>
                </ipxact:configurableElementValues>
            </ipxact:componentRef>
        </ipxact:componentInstance>
    </ipxact:componentInstances>
    <ipxact:adHocConnections>
        <ipxact:adHocConnection>
            <ipxact:name>sysmem0.ahbl_hclk_i</ipxact:name>
            <ipxact:portReferences>
                <ipxact:internalPortReference componentRef="sysmem0" portRef="ahbl_hclk_i"/>
                <ipxact:externalPortReference portRef="ahbl_hclk_i"/>
            </ipxact:portReferences>
        </ipxact:adHocConnection>
        <ipxact:adHocConnection>
            <ipxact:name>sysmem0.ahbl_hresetn_i</ipxact:name>
            <ipxact:portReferences>
                <ipxact:internalPortReference componentRef="sysmem0" portRef="ahbl_hresetn_i"/>
                <ipxact:externalPortReference portRef="ahbl_hresetn_i"/>
            </ipxact:portReferences>
        </ipxact:adHocConnection>
        <ipxact:adHocConnection>
            <ipxact:name>sysmem0.ahbl_s0_hsel_i</ipxact:name>
            <ipxact:portReferences>
                <ipxact:internalPortReference componentRef="sysmem0" portRef="ahbl_s0_hsel_i"/>
                <ipxact:externalPortReference portRef="ahbl_s0_hsel_i"/>
            </ipxact:portReferences>
        </ipxact:adHocConnection>
        <ipxact:adHocConnection>
            <ipxact:name>sysmem0.ahbl_s0_hready_i</ipxact:name>
            <ipxact:portReferences>
                <ipxact:internalPortReference componentRef="sysmem0" portRef="ahbl_s0_hready_i"/>
                <ipxact:externalPortReference portRef="ahbl_s0_hready_i"/>
            </ipxact:portReferences>
        </ipxact:adHocConnection>
        <ipxact:adHocConnection>
            <ipxact:name>sysmem0.ahbl_s0_haddr_i.31:0</ipxact:name>
            <ipxact:portReferences>
                <ipxact:internalPortReference componentRef="sysmem0" portRef="ahbl_s0_haddr_i">
                    <ipxact:partSelect>
                        <ipxact:range>
                            <ipxact:left>31</ipxact:left>
                            <ipxact:right>0</ipxact:right>
                        </ipxact:range>
                    </ipxact:partSelect>
                </ipxact:internalPortReference>
                <ipxact:externalPortReference portRef="ahbl_s0_haddr_i">
                    <ipxact:partSelect>
                        <ipxact:range>
                            <ipxact:left>31</ipxact:left>
                            <ipxact:right>0</ipxact:right>
                        </ipxact:range>
                    </ipxact:partSelect>
                </ipxact:externalPortReference>
            </ipxact:portReferences>
        </ipxact:adHocConnection>
        <ipxact:adHocConnection>
            <ipxact:name>sysmem0.ahbl_s0_hburst_i.2:0</ipxact:name>
            <ipxact:portReferences>
                <ipxact:internalPortReference componentRef="sysmem0" portRef="ahbl_s0_hburst_i">
                    <ipxact:partSelect>
                        <ipxact:range>
                            <ipxact:left>2</ipxact:left>
                            <ipxact:right>0</ipxact:right>
                        </ipxact:range>
                    </ipxact:partSelect>
                </ipxact:internalPortReference>
                <ipxact:externalPortReference portRef="ahbl_s0_hburst_i">
                    <ipxact:partSelect>
                        <ipxact:range>
                            <ipxact:left>2</ipxact:left>
                            <ipxact:right>0</ipxact:right>
                        </ipxact:range>
                    </ipxact:partSelect>
                </ipxact:externalPortReference>
            </ipxact:portReferences>
        </ipxact:adHocConnection>
        <ipxact:adHocConnection>
            <ipxact:name>sysmem0.ahbl_s0_hsize_i.2:0</ipxact:name>
            <ipxact:portReferences>
                <ipxact:internalPortReference componentRef="sysmem0" portRef="ahbl_s0_hsize_i">
                    <ipxact:partSelect>
                        <ipxact:range>
                            <ipxact:left>2</ipxact:left>
                            <ipxact:right>0</ipxact:right>
                        </ipxact:range>
                    </ipxact:partSelect>
                </ipxact:internalPortReference>
                <ipxact:externalPortReference portRef="ahbl_s0_hsize_i">
                    <ipxact:partSelect>
                        <ipxact:range>
                            <ipxact:left>2</ipxact:left>
                            <ipxact:right>0</ipxact:right>
                        </ipxact:range>
                    </ipxact:partSelect>
                </ipxact:externalPortReference>
            </ipxact:portReferences>
        </ipxact:adHocConnection>
        <ipxact:adHocConnection>
            <ipxact:name>sysmem0.ahbl_s0_hmastlock_i</ipxact:name>
            <ipxact:portReferences>
                <ipxact:internalPortReference componentRef="sysmem0" portRef="ahbl_s0_hmastlock_i"/>
                <ipxact:externalPortReference portRef="ahbl_s0_hmastlock_i"/>
            </ipxact:portReferences>
        </ipxact:adHocConnection>
        <ipxact:adHocConnection>
            <ipxact:name>sysmem0.ahbl_s0_hprot_i.3:0</ipxact:name>
            <ipxact:portReferences>
                <ipxact:internalPortReference componentRef="sysmem0" portRef="ahbl_s0_hprot_i">
                    <ipxact:partSelect>
                        <ipxact:range>
                            <ipxact:left>3</ipxact:left>
                            <ipxact:right>0</ipxact:right>
                        </ipxact:range>
                    </ipxact:partSelect>
                </ipxact:internalPortReference>
                <ipxact:externalPortReference portRef="ahbl_s0_hprot_i">
                    <ipxact:partSelect>
                        <ipxact:range>
                            <ipxact:left>3</ipxact:left>
                            <ipxact:right>0</ipxact:right>
                        </ipxact:range>
                    </ipxact:partSelect>
                </ipxact:externalPortReference>
            </ipxact:portReferences>
        </ipxact:adHocConnection>
        <ipxact:adHocConnection>
            <ipxact:name>sysmem0.ahbl_s0_htrans_i.1:0</ipxact:name>
            <ipxact:portReferences>
                <ipxact:internalPortReference componentRef="sysmem0" portRef="ahbl_s0_htrans_i">
                    <ipxact:partSelect>
                        <ipxact:range>
                            <ipxact:left>1</ipxact:left>
                            <ipxact:right>0</ipxact:right>
                        </ipxact:range>
                    </ipxact:partSelect>
                </ipxact:internalPortReference>
                <ipxact:externalPortReference portRef="ahbl_s0_htrans_i">
                    <ipxact:partSelect>
                        <ipxact:range>
                            <ipxact:left>1</ipxact:left>
                            <ipxact:right>0</ipxact:right>
                        </ipxact:range>
                    </ipxact:partSelect>
                </ipxact:externalPortReference>
            </ipxact:portReferences>
        </ipxact:adHocConnection>
        <ipxact:adHocConnection>
            <ipxact:name>sysmem0.ahbl_s0_hwrite_i</ipxact:name>
            <ipxact:portReferences>
                <ipxact:internalPortReference componentRef="sysmem0" portRef="ahbl_s0_hwrite_i"/>
                <ipxact:externalPortReference portRef="ahbl_s0_hwrite_i"/>
            </ipxact:portReferences>
        </ipxact:adHocConnection>
        <ipxact:adHocConnection>
            <ipxact:name>sysmem0.ahbl_s0_hwdata_i.31:0</ipxact:name>
            <ipxact:portReferences>
                <ipxact:internalPortReference componentRef="sysmem0" portRef="ahbl_s0_hwdata_i">
                    <ipxact:partSelect>
                        <ipxact:range>
                            <ipxact:left>31</ipxact:left>
                            <ipxact:right>0</ipxact:right>
                        </ipxact:range>
                    </ipxact:partSelect>
                </ipxact:internalPortReference>
                <ipxact:externalPortReference portRef="ahbl_s0_hwdata_i">
                    <ipxact:partSelect>
                        <ipxact:range>
                            <ipxact:left>31</ipxact:left>
                            <ipxact:right>0</ipxact:right>
                        </ipxact:range>
                    </ipxact:partSelect>
                </ipxact:externalPortReference>
            </ipxact:portReferences>
        </ipxact:adHocConnection>
        <ipxact:adHocConnection>
            <ipxact:name>sysmem0.ahbl_s0_hreadyout_o</ipxact:name>
            <ipxact:portReferences>
                <ipxact:internalPortReference componentRef="sysmem0" portRef="ahbl_s0_hreadyout_o"/>
                <ipxact:externalPortReference portRef="ahbl_s0_hreadyout_o"/>
            </ipxact:portReferences>
        </ipxact:adHocConnection>
        <ipxact:adHocConnection>
            <ipxact:name>sysmem0.ahbl_s0_hresp_o</ipxact:name>
            <ipxact:portReferences>
                <ipxact:internalPortReference componentRef="sysmem0" portRef="ahbl_s0_hresp_o"/>
                <ipxact:externalPortReference portRef="ahbl_s0_hresp_o"/>
            </ipxact:portReferences>
        </ipxact:adHocConnection>
        <ipxact:adHocConnection>
            <ipxact:name>sysmem0.ahbl_s0_hrdata_o.31:0</ipxact:name>
            <ipxact:portReferences>
                <ipxact:internalPortReference componentRef="sysmem0" portRef="ahbl_s0_hrdata_o">
                    <ipxact:partSelect>
                        <ipxact:range>
                            <ipxact:left>31</ipxact:left>
                            <ipxact:right>0</ipxact:right>
                        </ipxact:range>
                    </ipxact:partSelect>
                </ipxact:internalPortReference>
                <ipxact:externalPortReference portRef="ahbl_s0_hrdata_o">
                    <ipxact:partSelect>
                        <ipxact:range>
                            <ipxact:left>31</ipxact:left>
                            <ipxact:right>0</ipxact:right>
                        </ipxact:range>
                    </ipxact:partSelect>
                </ipxact:externalPortReference>
            </ipxact:portReferences>
        </ipxact:adHocConnection>
        <ipxact:adHocConnection>
            <ipxact:name>sysmem0.ahbl_s1_hsel_i</ipxact:name>
            <ipxact:portReferences>
                <ipxact:internalPortReference componentRef="sysmem0" portRef="ahbl_s1_hsel_i"/>
                <ipxact:externalPortReference portRef="ahbl_s1_hsel_i"/>
            </ipxact:portReferences>
        </ipxact:adHocConnection>
        <ipxact:adHocConnection>
            <ipxact:name>sysmem0.ahbl_s1_hready_i</ipxact:name>
            <ipxact:portReferences>
                <ipxact:internalPortReference componentRef="sysmem0" portRef="ahbl_s1_hready_i"/>
                <ipxact:externalPortReference portRef="ahbl_s1_hready_i"/>
            </ipxact:portReferences>
        </ipxact:adHocConnection>
        <ipxact:adHocConnection>
            <ipxact:name>sysmem0.ahbl_s1_haddr_i.31:0</ipxact:name>
            <ipxact:portReferences>
                <ipxact:internalPortReference componentRef="sysmem0" portRef="ahbl_s1_haddr_i">
                    <ipxact:partSelect>
                        <ipxact:range>
                            <ipxact:left>31</ipxact:left>
                            <ipxact:right>0</ipxact:right>
                        </ipxact:range>
                    </ipxact:partSelect>
                </ipxact:internalPortReference>
                <ipxact:externalPortReference portRef="ahbl_s1_haddr_i">
                    <ipxact:partSelect>
                        <ipxact:range>
                            <ipxact:left>31</ipxact:left>
                            <ipxact:right>0</ipxact:right>
                        </ipxact:range>
                    </ipxact:partSelect>
                </ipxact:externalPortReference>
            </ipxact:portReferences>
        </ipxact:adHocConnection>
        <ipxact:adHocConnection>
            <ipxact:name>sysmem0.ahbl_s1_hburst_i.2:0</ipxact:name>
            <ipxact:portReferences>
                <ipxact:internalPortReference componentRef="sysmem0" portRef="ahbl_s1_hburst_i">
                    <ipxact:partSelect>
                        <ipxact:range>
                            <ipxact:left>2</ipxact:left>
                            <ipxact:right>0</ipxact:right>
                        </ipxact:range>
                    </ipxact:partSelect>
                </ipxact:internalPortReference>
                <ipxact:externalPortReference portRef="ahbl_s1_hburst_i">
                    <ipxact:partSelect>
                        <ipxact:range>
                            <ipxact:left>2</ipxact:left>
                            <ipxact:right>0</ipxact:right>
                        </ipxact:range>
                    </ipxact:partSelect>
                </ipxact:externalPortReference>
            </ipxact:portReferences>
        </ipxact:adHocConnection>
        <ipxact:adHocConnection>
            <ipxact:name>sysmem0.ahbl_s1_hsize_i.2:0</ipxact:name>
            <ipxact:portReferences>
                <ipxact:internalPortReference componentRef="sysmem0" portRef="ahbl_s1_hsize_i">
                    <ipxact:partSelect>
                        <ipxact:range>
                            <ipxact:left>2</ipxact:left>
                            <ipxact:right>0</ipxact:right>
                        </ipxact:range>
                    </ipxact:partSelect>
                </ipxact:internalPortReference>
                <ipxact:externalPortReference portRef="ahbl_s1_hsize_i">
                    <ipxact:partSelect>
                        <ipxact:range>
                            <ipxact:left>2</ipxact:left>
                            <ipxact:right>0</ipxact:right>
                        </ipxact:range>
                    </ipxact:partSelect>
                </ipxact:externalPortReference>
            </ipxact:portReferences>
        </ipxact:adHocConnection>
        <ipxact:adHocConnection>
            <ipxact:name>sysmem0.ahbl_s1_hmastlock_i</ipxact:name>
            <ipxact:portReferences>
                <ipxact:internalPortReference componentRef="sysmem0" portRef="ahbl_s1_hmastlock_i"/>
                <ipxact:externalPortReference portRef="ahbl_s1_hmastlock_i"/>
            </ipxact:portReferences>
        </ipxact:adHocConnection>
        <ipxact:adHocConnection>
            <ipxact:name>sysmem0.ahbl_s1_hprot_i.3:0</ipxact:name>
            <ipxact:portReferences>
                <ipxact:internalPortReference componentRef="sysmem0" portRef="ahbl_s1_hprot_i">
                    <ipxact:partSelect>
                        <ipxact:range>
                            <ipxact:left>3</ipxact:left>
                            <ipxact:right>0</ipxact:right>
                        </ipxact:range>
                    </ipxact:partSelect>
                </ipxact:internalPortReference>
                <ipxact:externalPortReference portRef="ahbl_s1_hprot_i">
                    <ipxact:partSelect>
                        <ipxact:range>
                            <ipxact:left>3</ipxact:left>
                            <ipxact:right>0</ipxact:right>
                        </ipxact:range>
                    </ipxact:partSelect>
                </ipxact:externalPortReference>
            </ipxact:portReferences>
        </ipxact:adHocConnection>
        <ipxact:adHocConnection>
            <ipxact:name>sysmem0.ahbl_s1_htrans_i.1:0</ipxact:name>
            <ipxact:portReferences>
                <ipxact:internalPortReference componentRef="sysmem0" portRef="ahbl_s1_htrans_i">
                    <ipxact:partSelect>
                        <ipxact:range>
                            <ipxact:left>1</ipxact:left>
                            <ipxact:right>0</ipxact:right>
                        </ipxact:range>
                    </ipxact:partSelect>
                </ipxact:internalPortReference>
                <ipxact:externalPortReference portRef="ahbl_s1_htrans_i">
                    <ipxact:partSelect>
                        <ipxact:range>
                            <ipxact:left>1</ipxact:left>
                            <ipxact:right>0</ipxact:right>
                        </ipxact:range>
                    </ipxact:partSelect>
                </ipxact:externalPortReference>
            </ipxact:portReferences>
        </ipxact:adHocConnection>
        <ipxact:adHocConnection>
            <ipxact:name>sysmem0.ahbl_s1_hwrite_i</ipxact:name>
            <ipxact:portReferences>
                <ipxact:internalPortReference componentRef="sysmem0" portRef="ahbl_s1_hwrite_i"/>
                <ipxact:externalPortReference portRef="ahbl_s1_hwrite_i"/>
            </ipxact:portReferences>
        </ipxact:adHocConnection>
        <ipxact:adHocConnection>
            <ipxact:name>sysmem0.ahbl_s1_hwdata_i.31:0</ipxact:name>
            <ipxact:portReferences>
                <ipxact:internalPortReference componentRef="sysmem0" portRef="ahbl_s1_hwdata_i">
                    <ipxact:partSelect>
                        <ipxact:range>
                            <ipxact:left>31</ipxact:left>
                            <ipxact:right>0</ipxact:right>
                        </ipxact:range>
                    </ipxact:partSelect>
                </ipxact:internalPortReference>
                <ipxact:externalPortReference portRef="ahbl_s1_hwdata_i">
                    <ipxact:partSelect>
                        <ipxact:range>
                            <ipxact:left>31</ipxact:left>
                            <ipxact:right>0</ipxact:right>
                        </ipxact:range>
                    </ipxact:partSelect>
                </ipxact:externalPortReference>
            </ipxact:portReferences>
        </ipxact:adHocConnection>
        <ipxact:adHocConnection>
            <ipxact:name>sysmem0.ahbl_s1_hreadyout_o</ipxact:name>
            <ipxact:portReferences>
                <ipxact:internalPortReference componentRef="sysmem0" portRef="ahbl_s1_hreadyout_o"/>
                <ipxact:externalPortReference portRef="ahbl_s1_hreadyout_o"/>
            </ipxact:portReferences>
        </ipxact:adHocConnection>
        <ipxact:adHocConnection>
            <ipxact:name>sysmem0.ahbl_s1_hresp_o</ipxact:name>
            <ipxact:portReferences>
                <ipxact:internalPortReference componentRef="sysmem0" portRef="ahbl_s1_hresp_o"/>
                <ipxact:externalPortReference portRef="ahbl_s1_hresp_o"/>
            </ipxact:portReferences>
        </ipxact:adHocConnection>
        <ipxact:adHocConnection>
            <ipxact:name>sysmem0.ahbl_s1_hrdata_o.31:0</ipxact:name>
            <ipxact:portReferences>
                <ipxact:internalPortReference componentRef="sysmem0" portRef="ahbl_s1_hrdata_o">
                    <ipxact:partSelect>
                        <ipxact:range>
                            <ipxact:left>31</ipxact:left>
                            <ipxact:right>0</ipxact:right>
                        </ipxact:range>
                    </ipxact:partSelect>
                </ipxact:internalPortReference>
                <ipxact:externalPortReference portRef="ahbl_s1_hrdata_o">
                    <ipxact:partSelect>
                        <ipxact:range>
                            <ipxact:left>31</ipxact:left>
                            <ipxact:right>0</ipxact:right>
                        </ipxact:range>
                    </ipxact:partSelect>
                </ipxact:externalPortReference>
            </ipxact:portReferences>
        </ipxact:adHocConnection>
        <ipxact:adHocConnection>
            <ipxact:name>sysmem0.ecc_sec_s0_o</ipxact:name>
            <ipxact:tiedValue>open</ipxact:tiedValue>
            <ipxact:portReferences>
                <ipxact:internalPortReference componentRef="sysmem0" portRef="ecc_sec_s0_o"/>
            </ipxact:portReferences>
        </ipxact:adHocConnection>
        <ipxact:adHocConnection>
            <ipxact:name>sysmem0.ecc_ded_s0_o</ipxact:name>
            <ipxact:tiedValue>open</ipxact:tiedValue>
            <ipxact:portReferences>
                <ipxact:internalPortReference componentRef="sysmem0" portRef="ecc_ded_s0_o"/>
            </ipxact:portReferences>
        </ipxact:adHocConnection>
        <ipxact:adHocConnection>
            <ipxact:name>sysmem0.ecc_sec_s1_o</ipxact:name>
            <ipxact:tiedValue>open</ipxact:tiedValue>
            <ipxact:portReferences>
                <ipxact:internalPortReference componentRef="sysmem0" portRef="ecc_sec_s1_o"/>
            </ipxact:portReferences>
        </ipxact:adHocConnection>
        <ipxact:adHocConnection>
            <ipxact:name>sysmem0.ecc_ded_s1_o</ipxact:name>
            <ipxact:tiedValue>open</ipxact:tiedValue>
            <ipxact:portReferences>
                <ipxact:internalPortReference componentRef="sysmem0" portRef="ecc_ded_s1_o"/>
            </ipxact:portReferences>
        </ipxact:adHocConnection>
        <ipxact:adHocConnection>
            <ipxact:name>sysmem0.fifo_clk_i</ipxact:name>
            <ipxact:tiedValue>1'b0</ipxact:tiedValue>
            <ipxact:portReferences>
                <ipxact:internalPortReference componentRef="sysmem0" portRef="fifo_clk_i"/>
            </ipxact:portReferences>
        </ipxact:adHocConnection>
        <ipxact:adHocConnection>
            <ipxact:name>sysmem0.fifo_wr_en_i</ipxact:name>
            <ipxact:tiedValue>1'b0</ipxact:tiedValue>
            <ipxact:portReferences>
                <ipxact:internalPortReference componentRef="sysmem0" portRef="fifo_wr_en_i"/>
            </ipxact:portReferences>
        </ipxact:adHocConnection>
        <ipxact:adHocConnection>
            <ipxact:name>sysmem0.fifo_interface_en_i</ipxact:name>
            <ipxact:tiedValue>1'b0</ipxact:tiedValue>
            <ipxact:portReferences>
                <ipxact:internalPortReference componentRef="sysmem0" portRef="fifo_interface_en_i"/>
            </ipxact:portReferences>
        </ipxact:adHocConnection>
        <ipxact:adHocConnection>
            <ipxact:name>sysmem0.fifo_wr_data_i.7:0</ipxact:name>
            <ipxact:tiedValue>8'b00000000</ipxact:tiedValue>
            <ipxact:portReferences>
                <ipxact:internalPortReference componentRef="sysmem0" portRef="fifo_wr_data_i">
                    <ipxact:partSelect>
                        <ipxact:range>
                            <ipxact:left>7</ipxact:left>
                            <ipxact:right>0</ipxact:right>
                        </ipxact:range>
                    </ipxact:partSelect>
                </ipxact:internalPortReference>
            </ipxact:portReferences>
        </ipxact:adHocConnection>
        <ipxact:adHocConnection>
            <ipxact:name>sysmem0.fifo_address_rst_i</ipxact:name>
            <ipxact:tiedValue>1'b0</ipxact:tiedValue>
            <ipxact:portReferences>
                <ipxact:internalPortReference componentRef="sysmem0" portRef="fifo_address_rst_i"/>
            </ipxact:portReferences>
        </ipxact:adHocConnection>
        <ipxact:adHocConnection>
            <ipxact:name>sysmem0.fifo_full_o</ipxact:name>
            <ipxact:tiedValue>open</ipxact:tiedValue>
            <ipxact:portReferences>
                <ipxact:internalPortReference componentRef="sysmem0" portRef="fifo_full_o"/>
            </ipxact:portReferences>
        </ipxact:adHocConnection>
    </ipxact:adHocConnections>
</ipxact:design>
